TRUNCATE trucks;
TRUNCATE donors;
TRUNCATE drive;

insert into trucks (id, model) values (1, 'Cayman');
insert into trucks (id, model) values (2, 'Ascender');
insert into trucks (id, model) values (3, 'Leganza');
insert into trucks (id, model) values (4, 'Trooper');
insert into trucks (id, model) values (5, 'D350');
insert into trucks (id, model) values (6, 'Regal');
insert into trucks (id, model) values (7, 'Skyhawk');
insert into trucks (id, model) values (8, 'Wrangler');
insert into trucks (id, model) values (9, 'Escape');
insert into trucks (id, model) values (10, 'Q5');

insert into drive (id, date, time, truck, goal, location) values (1, '2/25/2021', '10:45 AM', 1, 96, 'Jackson');
insert into drive (id, date, time, truck, goal, location) values (2, '2/1/2021', '1:13 PM', 5, 84, 'Washington');
insert into drive (id, date, time, truck, goal, location) values (3, '2/13/2021', '6:03 AM', 7, 81, 'Houston');
insert into drive (id, date, time, truck, goal, location) values (4, '2/1/2021', '7:34 AM', 9, 74, 'Denver');
insert into drive (id, date, time, truck, goal, location) values (5, '2/10/2021', '8:29 AM', 3, 86, 'New York');
insert into drive (id, date, time, truck, goal, location) values (6, '2/1/2021', '8:15 AM', 7, 89, 'Seattle');
insert into drive (id, date, time, truck, goal, location) values (7, '2/27/2021', '2:03 PM', 7, 93, 'Portland');
insert into drive (id, date, time, truck, goal, location) values (8, '2/13/2021', '10:39 AM', 2, 55, 'Detroit');
insert into drive (id, date, time, truck, goal, location) values (9, '2/11/2021', '3:47 PM', 1, 42, 'Memphis');
insert into drive (id, date, time, truck, goal, location) values (10, '2/16/2021', '5:03 PM', 1, 40, 'San Francisco');
insert into drive (id, date, time, truck, goal, location) values (11, '2/20/2021', '8:10 AM', 8, 65, 'Seattle');
insert into drive (id, date, time, truck, goal, location) values (12, '2/15/2021', '4:25 PM', 2, 79, 'Denver');
insert into drive (id, date, time, truck, goal, location) values (13, '2/16/2021', '1:31 PM', 5, 67, 'Houston');
insert into drive (id, date, time, truck, goal, location) values (14, '2/19/2021', '6:20 AM', 10, 89, 'Portland');
insert into drive (id, date, time, truck, goal, location) values (15, '2/1/2021', '12:47 PM', 2, 63, 'New York');
insert into drive (id, date, time, truck, goal, location) values (16, '2/9/2021', '1:05 PM', 8, 65, 'Detroit');
insert into drive (id, date, time, truck, goal, location) values (17, '2/19/2021', '11:35 AM', 4, 100, 'San Francisco');
insert into drive (id, date, time, truck, goal, location) values (18, '2/13/2021', '10:36 AM', 2, 77, 'Jackson');
insert into drive (id, date, time, truck, goal, location) values (19, '2/9/2021', '5:32 PM', 4, 59, 'Denver');
insert into drive (id, date, time, truck, goal, location) values (20, '2/14/2021', '3:12 PM', 2, 59, 'Washington');
insert into drive (id, date, time, truck, goal, location) values (21, '2/16/2021', '6:29 AM', 8, 72, 'San Francisco');
insert into drive (id, date, time, truck, goal, location) values (22, '2/4/2021', '3:18 PM', 2, 76, 'Memphis');
insert into drive (id, date, time, truck, goal, location) values (23, '2/5/2021', '5:21 PM', 6, 61, 'Washington');
insert into drive (id, date, time, truck, goal, location) values (24, '2/13/2021', '4:53 PM', 6, 74, 'Jackson');
insert into drive (id, date, time, truck, goal, location) values (25, '2/25/2021', '9:50 AM', 9, 96, 'Memphis');
insert into drive (id, date, time, truck, goal, location) values (26, '2/16/2021', '5:38 PM', 6, 92, 'Portland');
insert into drive (id, date, time, truck, goal, location) values (27, '2/2/2021', '4:40 PM', 2, 79, 'New York');
insert into drive (id, date, time, truck, goal, location) values (28, '2/4/2021', '12:00 PM', 8, 69, 'San Francisco');
insert into drive (id, date, time, truck, goal, location) values (29, '2/15/2021', '1:27 PM', 5, 84, 'Denver');
insert into drive (id, date, time, truck, goal, location) values (30, '2/11/2021', '4:08 PM', 4, 46, 'Seattle');
insert into drive (id, date, time, truck, goal, location) values (31, '2/27/2021', '11:17 AM', 6, 86, 'Houston');
insert into drive (id, date, time, truck, goal, location) values (32, '2/19/2021', '9:21 AM', 9, 53, 'Detroit');
insert into drive (id, date, time, truck, goal, location) values (33, '2/24/2021', '3:53 PM', 1, 81, 'New York');
insert into drive (id, date, time, truck, goal, location) values (34, '2/22/2021', '10:14 AM', 3, 95, 'San Francisco');
insert into drive (id, date, time, truck, goal, location) values (35, '2/3/2021', '4:14 PM', 4, 74, 'Washington');
insert into drive (id, date, time, truck, goal, location) values (36, '2/20/2021', '10:48 AM', 2, 95, 'Seattle');
insert into drive (id, date, time, truck, goal, location) values (37, '2/24/2021', '5:24 PM', 7, 41, 'Denver');
insert into drive (id, date, time, truck, goal, location) values (38, '2/12/2021', '8:07 AM', 9, 41, 10, 'Washington');
insert into drive (id, date, time, truck, goal, location) values (39, '2/25/2021', '6:12 AM', 8, 46, 'New York');
insert into drive (id, date, time, truck, goal, location) values (40, '2/13/2021', '1:52 PM', 8, 68, 'San Francisco');
insert into drive (id, date, time, truck, goal, location) values (41, '2/4/2021', '6:18 AM', 3, 47, 'Detroit');
insert into drive (id, date, time, truck, goal, location) values (42, '2/10/2021', '7:52 AM', 3, 66, 'Jackson');
insert into drive (id, date, time, truck, goal, location) values (43, '2/13/2021', '8:32 AM', 1, 51, 'Portland');
insert into drive (id, date, time, truck, goal, location) values (44, '2/6/2021', '6:31 AM', 1, 41, 'New York');
insert into drive (id, date, time, truck, goal, location) values (45, '2/20/2021', '7:30 AM', 6, 99, 'Washington');
insert into drive (id, date, time, truck, goal, location) values (46, '2/6/2021', '1:51 PM', 5, 57, 'Houston');
insert into drive (id, date, time, truck, goal, location) values (47, '2/8/2021', '5:07 PM', 9, 91, 'Denver');
insert into drive (id, date, time, truck, goal, location) values (48, '2/14/2021', '8:21 AM', 4, 74, 'Jackson');
insert into drive (id, date, time, truck, goal, location) values (49, '2/26/2021', '8:22 AM', 3, 94, 'Detroit');
insert into drive (id, date, time, truck, goal, location) values (50, '2/16/2021', '12:48 PM', 4, 71, 'Washington');
insert into drive (id, date, time, truck, goal, location) values (51, '2/13/2021', '10:56 AM', 9, 50, 'Memphis');
insert into drive (id, date, time, truck, goal, location) values (52, '2/17/2021', '10:39 AM', 2, 89, 'San Francisco');
insert into drive (id, date, time, truck, goal, location) values (53, '2/1/2021', '5:17 PM', 10, 74, 'Memphis');
insert into drive (id, date, time, truck, goal, location) values (54, '2/22/2021', '7:04 AM', 9, 45, 'Washington');
insert into drive (id, date, time, truck, goal, location) values (55, '2/26/2021', '3:57 PM', 1, 44, 'Portland');
insert into drive (id, date, time, truck, goal, location) values (56, '2/19/2021', '1:00 PM', 3, 84, 'Detroit');
insert into drive (id, date, time, truck, goal, location) values (57, '2/11/2021', '2:37 PM', 1, 67, 'Seattle');
insert into drive (id, date, time, truck, goal, location) values (58, '2/1/2021', '11:33 AM', 8, 50, 'Jackson');
insert into drive (id, date, time, truck, goal, location) values (59, '2/3/2021', '7:57 AM', 5, 55, 'San Francisco');
insert into drive (id, date, time, truck, goal, location) values (60, '2/11/2021', '1:42 PM', 10, 77, 'Houston');
insert into drive (id, date, time, truck, goal, location) values (61, '2/11/2021', '9:43 AM', 6, 83, 'Memphis');
insert into drive (id, date, time, truck, goal, location) values (62, '2/8/2021', '1:12 PM', 8, 56, 'Washington');
insert into drive (id, date, time, truck, goal, location) values (63, '2/8/2021', '3:06 PM', 6, 57, 'Portland');
insert into drive (id, date, time, truck, goal, location) values (64, '2/15/2021', '1:05 PM', 6, 55, 'Denver');
insert into drive (id, date, time, truck, goal, location) values (65, '2/13/2021', '9:54 AM', 6, 40, 'Detroit');
insert into drive (id, date, time, truck, goal, location) values (66, '2/23/2021', '2:57 PM', 3, 81, 'New York');
insert into drive (id, date, time, truck, goal, location) values (67, '2/25/2021', '2:19 PM', 1, 92, 'Seattle');
insert into drive (id, date, time, truck, goal, location) values (68, '2/19/2021', '9:00 AM', 3, 65, 'Houston');
insert into drive (id, date, time, truck, goal, location) values (69, '2/1/2021', '4:48 PM', 4, 59, 'Seattle');
insert into drive (id, date, time, truck, goal, location) values (70, '2/7/2021', '12:57 PM', 3, 68, 'Portland');
insert into drive (id, date, time, truck, goal, location) values (71, '2/13/2021', '3:10 PM', 8, 40, 'Denver');
insert into drive (id, date, time, truck, goal, location) values (72, '2/13/2021', '12:28 PM', 4, 77, 'Jackson');
insert into drive (id, date, time, truck, goal, location) values (73, '2/24/2021', '5:59 PM', 5, 88, 'New York');
insert into drive (id, date, time, truck, goal, location) values (74, '2/6/2021', '4:40 PM', 1, 75, 'Memphis');
insert into drive (id, date, time, truck, goal, location) values (75, '2/3/2021', '4:24 PM', 10, 81, 'Houston');
insert into drive (id, date, time, truck, goal, location) values (76, '2/12/2021', '6:53 AM', 7, 94, 'Memphis');
insert into drive (id, date, time, truck, goal, location) values (77, '2/17/2021', '7:09 AM', 6, 84, 'Detroit');
insert into drive (id, date, time, truck, goal, location) values (78, '2/5/2021', '5:13 PM', 3, 41, 'Seattle');
insert into drive (id, date, time, truck, goal, location) values (79, '2/4/2021', '9:41 AM', 6, 57, 'San Francisco');
insert into drive (id, date, time, truck, goal, location) values (80, '2/5/2021', '3:09 PM', 6, 79, 'Jackson');
insert into drive (id, date, time, truck, goal, location) values (81, '2/26/2021', '12:19 PM', 7, 77, 'Portland');
insert into drive (id, date, time, truck, goal, location) values (82, '2/21/2021', '12:15 PM', 6, 78, 'New York');
insert into drive (id, date, time, truck, goal, location) values (83, '2/24/2021', '5:52 PM', 4, 77, 'Denver');
insert into drive (id, date, time, truck, goal, location) values (84, '2/3/2021', '7:39 AM', 8, 60, 'Portland');
insert into drive (id, date, time, truck, goal, location) values (85, '2/3/2021', '1:49 PM', 9, 72, 'Houston');
insert into drive (id, date, time, truck, goal, location) values (86, '2/8/2021', '6:41 AM', 5, 78, 'Memphis');
insert into drive (id, date, time, truck, goal, location) values (87, '2/26/2021', '3:39 PM', 3, 46, 'Detroit');
insert into drive (id, date, time, truck, goal, location) values (88, '2/14/2021', '6:58 AM', 4, 65, 'Jackson');
insert into drive (id, date, time, truck, goal, location) values (89, '2/9/2021', '12:37 PM', 6, 61, 'Seattle');
insert into drive (id, date, time, truck, goal, location) values (90, '2/6/2021', '8:56 AM', 4, 91, 'Houston');
insert into drive (id, date, time, truck, goal, location) values (91, '2/22/2021', '1:15 PM', 10, 74, 'New York');
insert into drive (id, date, time, truck, goal, location) values (92, '2/23/2021', '2:14 PM', 7, 91, 'Washington');
insert into drive (id, date, time, truck, goal, location) values (93, '2/22/2021', '11:47 AM', 6, 77, 'Detroit');
insert into drive (id, date, time, truck, goal, location) values (94, '2/15/2021', '10:31 AM', 8, 82, 'Portland');
insert into drive (id, date, time, truck, goal, location) values (95, '2/4/2021', '12:38 PM', 4, 87, 'Denver');
insert into drive (id, date, time, truck, goal, location) values (96, '2/15/2021', '10:38 AM', 8, 44, 'San Francisco');
insert into drive (id, date, time, truck, goal, location) values (97, '2/19/2021', '6:40 AM', 5, 66, 'Seattle');
insert into drive (id, date, time, truck, goal, location) values (98, '2/1/2021', '4:57 PM', 7, 95, 'Jackson');
insert into drive (id, date, time, truck, goal, location) values (99, '2/2/2021', '2:04 PM', 2, 97, 'Memphis');
insert into drive (id, date, time, truck, goal, location) values (100, '2/23/2021', '7:43 AM', 5, 74, 'Houston');

insert into donors (id, name, type, number) values (1, 'Raf Cicconettii', 'A+', '982-732-8469');
insert into donors (id, name, type, number) values (2, 'Andrew Postans', 'B+', '916-141-0378');
insert into donors (id, name, type, number) values (3, 'Dorena Daws', 'AB+', '705-961-3523');
insert into donors (id, name, type, number) values (4, 'Ariadne Popplestone', 'O+', '617-434-2964');
insert into donors (id, name, type, number) values (5, 'Craig Cristofori', 'A-', '626-334-9710');
insert into donors (id, name, type, number) values (6, 'Yoshi Azema', 'B-', '978-800-1132');
insert into donors (id, name, type, number) values (7, 'Keenan Vedmore', 'AB-', '236-638-5921');
insert into donors (id, name, type, number) values (8, 'Sari Redwing', 'O-', '787-775-9452');
insert into donors (id, name, type, number) values (9, 'Hendrick Eason', 'O+', '875-419-5565');
insert into donors (id, name, type, number) values (10, 'Caprice Ilem', 'A+', '780-514-3843');
insert into donors (id, name, type, number) values (11, 'Dell Stathers', 'A+', '432-220-5040');
insert into donors (id, name, type, number) values (12, 'Lucilia O''Dougherty', 'A+', '575-908-7082');
insert into donors (id, name, type, number) values (13, 'Wilmette Senchenko','A-', '617-200-3636');
insert into donors (id, name, type, number) values (14, 'Rube Raddan', 'B-', '786-874-1946');
insert into donors (id, name, type, number) values (15, 'Bernadette Curnok', 'AB-', '877-602-7321');
insert into donors (id, name, type, number) values (16, 'Dorris MacElharge', 'O-', '984-206-3539');
insert into donors (id, name, type, number) values (17, 'Ave Fetherby', 'B-', '961-882-6783');
insert into donors (id, name, type, number) values (18, 'Rebbecca Vedenyapin', 'O-', '823-513-3406');
insert into donors (id, name, type, number) values (19, 'Berget Reisenberg', 'AB-', '972-856-3825');
insert into donors (id, name, type, number) values (20, 'Bellanca Alessandretti', 'AB-', '481-903-0254');
insert into donors (id, name, type, number) values (21, 'Amandi Paute', 'O+', '835-442-3706');
insert into donors (id, name, type, number) values (22, 'Aloin Gawkes', 'A+', '233-675-4664');
insert into donors (id, name, type, number) values (23, 'Noach Johantges', 'O+', '860-585-0178');
insert into donors (id, name, type, number) values (24, 'Jacinta O''Dee', 'AB+', '692-276-2416');
insert into donors (id, name, type, number) values (25, 'Sophie Bullivant', 'AB+', '135-621-1611');
insert into donors (id, name, type, number) values (26, 'Jorry Schlagh', 'A+', '256-444-4339');
insert into donors (id, name, type, number) values (27, 'Ermengarde McCaskill', 'A+', '767-189-0254');
insert into donors (id, name, type, number) values (28, 'Issi Wharrier', 'O+', '500-892-6934');
insert into donors (id, name, type, number) values (29, 'Elysee Schooling', 'AB+', '672-325-6526');
insert into donors (id, name, type, number) values (30, 'Josy Antoniottii', 'A+', '942-422-2030');
insert into donors (id, name, type, number) values (31, 'Ortensia Cato', 'B-', '103-625-7133');
insert into donors (id, name, type, number) values (32, 'Trixie Hessel', 'O+', '866-457-9104');
insert into donors (id, name, type, number) values (33, 'Tamra Baribal', 'AB+', '442-559-9210');
insert into donors (id, name, type, number) values (34, 'Thia Deluze', 'O+', '351-126-4286');
insert into donors (id, name, type, number) values (35, 'Charleen Yeowell', 'O+', '335-158-8947');
insert into donors (id, name, type, number) values (36, 'Aylmar Mortel', 'A-', '396-436-9254');
insert into donors (id, name, type, number) values (37, 'Curr Lomansey', 'AB-', '375-515-8242');
insert into donors (id, name, type, number) values (38, 'Aylmar Desvignes', 'O+', '664-357-0659');
insert into donors (id, name, type, number) values (39, 'Glenn Swinley', 'O+', '424-731-4203');
insert into donors (id, name, type, number) values (40, 'Vince Grimstead', 'AB+', '450-961-3001');
insert into donors (id, name, type, number) values (41, 'Caresse Aberkirdo', 'A+', '187-133-4836');
insert into donors (id, name, type, number) values (42, 'Livia Dorber', 'A+', '595-935-9727');
insert into donors (id, name, type, number) values (43, 'Lilyan Trent', 'A-', '159-149-3758');
insert into donors (id, name, type, number) values (44, 'Sheffield Evenden', 'A+', '206-144-2652');
insert into donors (id, name, type, number) values (45, 'Delila Robertsson', 'O+', '916-747-3156');
insert into donors (id, name, type, number) values (46, 'Paola Langthorne', 'A+', '546-845-0278');
insert into donors (id, name, type, number) values (47, 'Alicea Bree', 'O+', '595-525-6476');
insert into donors (id, name, type, number) values (48, 'Xavier Czyz', 'O-', '959-123-8026');
insert into donors (id, name, type, number) values (49, 'Thia Appleford', 'B-', '832-772-6895');
insert into donors (id, name, type, number) values (50, 'Antonie Gradly', 'A+', '262-910-9506');
insert into donors (id, name, type, number) values (51, 'Katrine Benninck', 'O+', '409-944-5781');
insert into donors (id, name, type, number) values (52, 'Evy Jancik', 'AB+', '279-992-2176');
insert into donors (id, name, type, number) values (53, 'Adorne Raft', 'A+', '269-309-2371');
insert into donors (id, name, type, number) values (54, 'Robin Killimister', 'B-', '998-266-9701');
insert into donors (id, name, type, number) values (55, 'Judi Pothecary', 'O+', '203-175-9468');
insert into donors (id, name, type, number) values (56, 'Jaquelin Benediktsson', 'AB+', '638-908-4153');
insert into donors (id, name, type, number) values (57, 'Barbi Prestie', 'B+', '330-964-0670');
insert into donors (id, name, type, number) values (58, 'Judd Manton', 'A-', '260-596-6373');
insert into donors (id, name, type, number) values (59, 'Robinet Girardi', 'AB+', '620-268-1506');
insert into donors (id, name, type, number) values (60, 'Sanson Pantin', 'A-', '429-535-1681');
insert into donors (id, name, type, number) values (61, 'Marvin Challace', 'B+', '871-804-8050');
insert into donors (id, name, type, number) values (62, 'Aylmer Coye', 'O-', '555-248-2196');
insert into donors (id, name, type, number) values (63, 'Ferd Alleyne', 'AB+', '166-733-2375');
insert into donors (id, name, type, number) values (64, 'Carrol Torricina', 'O+', '772-775-8357');
insert into donors (id, name, type, number) values (65, 'Korry Teissier', 'B+', '986-918-9100');
insert into donors (id, name, type, number) values (66, 'Charissa Konke', 'AB-', '698-815-0626');
insert into donors (id, name, type, number) values (67, 'Lutero Grinval', 'B+', '745-966-7926');
insert into donors (id, name, type, number) values (68, 'Jehanna Foulds', 'O+', '372-178-1128');
insert into donors (id, name, type, number) values (69, 'Willetta McNab', 'B-', '394-219-9433');
insert into donors (id, name, type, number) values (70, 'Mark Casella', 'A-', '191-583-4620');
insert into donors (id, name, type, number) values (71, 'Kienan Orme', 'B-', '454-432-7755');
insert into donors (id, name, type, number) values (72, 'Annaliese Persitt', 'A-', '620-849-8516');
insert into donors (id, name, type, number) values (73, 'Gale Towne', 'O-', '576-999-9109');
insert into donors (id, name, type, number) values (74, 'Mariya Pitbladdo', 'AB-', '228-528-4454');
insert into donors (id, name, type, number) values (75, 'Mychal Cassin', 'AB+', '799-644-8979');
insert into donors (id, name, type, number) values (76, 'Forest Cristofori', 'AB-', '939-476-0989');
insert into donors (id, name, type, number) values (77, 'Ruthy Blasdale', 'AB-', '272-606-7506');
insert into donors (id, name, type, number) values (78, 'Justen Coventry', 'B+', '135-947-3114');
insert into donors (id, name, type, number) values (79, 'Arvie Roskilly', 'O-', '979-834-0884');
insert into donors (id, name, type, number) values (80, 'Hercule Burgh', 'O+', '156-141-4888');
insert into donors (id, name, type, number) values (81, 'Yorgo Planque', 'B+', '565-986-8203');
insert into donors (id, name, type, number) values (82, 'Margarette Fritschel', 'B+', '939-360-9139');
insert into donors (id, name, type, number) values (83, 'Burton Malacrida', 'B+', '857-745-7654');
insert into donors (id, name, type, number) values (84, 'Reed Lammerts', 'B-', '766-276-8357');
insert into donors (id, name, type, number) values (85, 'Mireielle Swinford', 'O+', '955-741-0049');
insert into donors (id, name, type, number) values (86, 'Brear Naton', 'O+', '972-646-4392');
insert into donors (id, name, type, number) values (87, 'Hugo Maddocks', 'AB+', '106-834-6328');
insert into donors (id, name, type, number) values (88, 'Philippa Freddi', 'O+', '263-995-9709');
insert into donors (id, name, type, number) values (89, 'Kendell Karolyi', 'B+', '231-726-0623');
insert into donors (id, name, type, number) values (90, 'Geordie Jeffry', 'AB+', '598-101-4828');
insert into donors (id, name, type, number) values (91, 'Nevile Laminman', 'B+', '106-839-8043');
insert into donors (id, name, type, number) values (92, 'Myrwyn Roobottom', 'A-', '530-546-9221');
insert into donors (id, name, type, number) values (93, 'Bondie Bartocci', 'B+', '799-832-3893');
insert into donors (id, name, type, number) values (94, 'Moss Leyes', 'O-', '873-855-1252');
insert into donors (id, name, type, number) values (95, 'Darla Zmitrichenko', 'B+', '638-274-1879');
insert into donors (id, name, type, number) values (96, 'Elenore O''Cridigan', 'AB-', '478-710-0304');
insert into donors (id, name, type, number) values (97, 'Jack Snow', 'O-', '662-586-8223');
insert into donors (id, name, type, number) values (98, 'Clair Richings', 'B+', '886-168-2651');
insert into donors (id, name, type, number) values (99, 'Berkley De Cruce', 'AB+', '515-454-1652');
insert into donors (id, name, type, number) values (100, 'Lyell Clayfield', 'A-', '895-500-8487');